<?xml version="1.0" encoding="UTF-8"?>
<project-private xmlns="http://www.netbeans.org/ns/project-private/1">
    <editor-bookmarks xmlns="http://www.netbeans.org/ns/editor-bookmarks/2" lastBookmarkId="0"/>
    <open-files xmlns="http://www.netbeans.org/ns/projectui-open-files/2">
        <group>
            <file>file:/C:/Users/hp/Documents/NetBeansProjects/RestaurantManagementSystem/src/restaurant/gui/RestaurantManagementSystem.java</file>
            <file>file:/C:/Users/hp/Documents/NetBeansProjects/RestaurantManagementSystem/src/restaurant/dao/AdminDAO.java</file>
            <file>file:/C:/Users/hp/Documents/NetBeansProjects/RestaurantManagementSystem/src/restaurant/dao/CategoryDAO.java</file>
            <file>file:/C:/Users/hp/Documents/NetBeansProjects/RestaurantManagementSystem/src/restaurant/gui/AdminLogin.java</file>
            <file>file:/C:/Users/hp/Documents/NetBeansProjects/RestaurantManagementSystem/src/restaurant/dao/PaymentDAO.java</file>
            <file>file:/C:/Users/hp/Documents/NetBeansProjects/RestaurantManagementSystem/src/restaurant/gui/MenuDisplayGUI.java</file>
            <file>file:/C:/Users/hp/Documents/NetBeansProjects/RestaurantManagementSystem/src/restaurant/dao/MenuDAO.java</file>
            <file>file:/C:/Users/hp/Documents/NetBeansProjects/RestaurantManagementSystem/src/restaurant/dao/OrderDAO.java</file>
            <file>file:/C:/Users/hp/Documents/NetBeansProjects/RestaurantManagementSystem/src/restaurant/models/Admin.java</file>
            <file>file:/C:/Users/hp/Documents/NetBeansProjects/RestaurantManagementSystem/src/restaurant/gui/MainApplication.java</file>
            <file>file:/C:/Users/hp/Documents/NetBeansProjects/RestaurantManagementSystem/src/restaurant/gui/AdminDashboard.java</file>
            <file>file:/C:/Users/hp/Documents/NetBeansProjects/RestaurantManagementSystem/src/restaurant/models/MenuItem.java</file>
            <file>file:/C:/Users/hp/Documents/NetBeansProjects/RestaurantManagementSystem/src/restaurant/models/Payment.java</file>
            <file>file:/C:/Users/hp/Documents/NetBeansProjects/RestaurantManagementSystem/src/restaurant/gui/RestaurantHomePage.java</file>
        </group>
    </open-files>
</project-private>
